isin,scheme_name,scheme_code,ID
INF194KB1IS2,Bandhan BSE Healthcare Index Fund Direct Plan Growth,152844,F00001MUEE
INF204KC1DA8,Nippon India Nifty 500 Equal Weight Index Fund Direct Plan Growth,152842,F00001MSUY
INF277KA1CI7,TATA Nifty200 Alpha 30 Index Fund Direct Growth,152836,F00001MSPF
INF00XX01DA4,ITI Large and Midcap Fund Direct Plan Growth,152821,F00001MSCV
INF663L01Z03,PGIM India Multi Cap Fund Direct Plan Growth,152815,F00000U9MW
INF740KA1UQ1,DSP Nifty Top 10 Equal Weight Index Fund Direct Growth,152814,F00001MQHD
INF209KC1183,Aditya Birla Sun Life Nifty India Defence Index Fund Direct Growth,152798,F00001MNLD
INF247L01DG6,Motilal Oswal Business Cycle Fund Direct Plan Growth,152796,F00001MLY3
INF194KB1IO1,Bandhan Nifty Bank Index Fund Direct Plan Growth,152793,F00001MMRI
INF761K01GF3,Bank of India Business Cycle Fund Direct Plan Growth,152789,F00001MJI2
INF0QA701896,Bajaj Finserv Large Cap Fund Direct Plan Growth,152783,F00001MFT0
INF179KC1IO9,HDFC Nifty500 Multicap 50:25:25 Index Fund Direct Plan,152778,F00001MIIG
INF200KB1324,SBI Innovative Opportunities Fund Direct Plan Growth,152776,F00001MG5O
INF174KA1SR8,Kotak Nifty Midcap 50 Index Fund Direct Plan Growth,152767,F00001ME1N
INF247L01DA9,Motilal Oswal Manufacturing Fund Direct Plan Growth,152760,F00001M7PL
INF205KA1908,Invesco India Manufacturing Fund Direct Growth,152756,F00001M744
INF174KA1SL1,Kotak BSE PSU Index Fund Direct Plan Growth,152755,F00001M35E
INF959L01HO1,Navi Nifty 500 Multicap 50 25 Direct Plan,152751,F00001M94J
INF277KA1CC0,TATA Nifty India Tourism Index Fund Direct Growth,152742,F00001M1CA
INF090I01XA7,Franklin India Multi Cap Fund Direct Growth,152739,F00001M136
INF846K019W9,Axis Nifty 500 Index Fund Direct Plan Growth,152731,F00001LWDI
INF109KC12W6,ICICI Prudential Energy Opportunities Fund Direct Plan Growth,152728,F00001LXH4
INF194KB1IK9,Bandhan Nifty Total Market Index Fund Direct Plan Growth,152716,F00001LTZZ
INF179KC1IM3,HDFC Nifty100 Low Volatility 30 Index Fund Direct Plan,152713,F00001LT3E
INF247L01CW5,Motilal Oswal Nifty India Defence Index Fund Direct Plan Growth,152712,F00001LMUN
INF754K01TA2,Edelweiss Business Cycle Fund Direct Plan Growth,152710,F00001LN7X
INF174KA1SF3,Kotak Special Opportunities Fund Direct Plan Growth,152702,F00001LJHU
INF251K01TP7,Baroda BNP Paribas Manufacturing Fund Direct Plan Growth,152697,F00001LBHX
INF247L01CS3,Motilal Oswal Quant Fund Direct Growth,152694,F00001LGI2
INF209KC1118,Aditya Birla Sun Life Quant Fund Direct Growth,152684,F00001LFLC
INF0R8701202,Helios Financial Services Fund Direct Plan Growth,152679,F00001LEVG
INF903JA1LQ6,Sundaram Business Cycle Fund Direct Plan Growth,152677,F00001LB5F
INF174V01CC2,Mahindra Manulife Manufacturing Fund Direct Plan Growth,152672,F00001L9IH
INF174KA1RZ3,Kotak Nifty 100 Low Volatility 30 Index Fund Direct Plan Growth,152663,F00001L8K6
INF209KC1076,Aditya Birla Sun Life Crisil IBX Gilt June 2027 Index Fund Direct Growth,152659,F00001L74Z
INF200KB1183,SBI Automotive Opportunities Fund Direct Plan Growth,152657,F00001L3TE
INF740KA1UO6,DSP Nifty Bank Index Fund Direct Growth,152654,F00001L202
INF247L01CL8,Motilal Oswal Multi Cap Fund Direct Plan Growth,152651,F00001L3SH
INF03VN01902,Whiteoak Capital Special Opportunities Fund Direct Growth,152644,F00001L0YX
INF666M01IE9,Groww Nifty Non Cyclical Consumer Index Fund Direct Plan Growth,152637,F00001KWB0
INF846K015W7,Axis Nifty Bank Index Fund Direct Plan Growth,152629,F00001KWBM
INF754K01SS6,Edelweiss Nifty Alpha Low Volatility 30 Index Fund Direct Plan Growth,152616,F00001KS62
INF192K01NH3,JM Small Cap Fund Direct Growth,152614,F00001KSIU
INF194KB1IE2,Bandhan Innovation Fund Direct Plan Growth,152607,F00001KFYD
INF179KC1II1,HDFC Manufacturing Fund Growth Direct Plan,152600,F00001KJAB
INF277KA1BS8,TATA Nifty500 Multicap Infrastructure 50:30:20 Index Fund Direct Plan Growth,152595,F00001KEJP
INF277KA1BM1,TATA Nifty500 Multicap India Manufacturing 50:30:20 Index Fund Direct Plan Growth,152588,F00001KEJP
INF0K1H01180,Samco Special Opportunities Fund Direct Plan Growth,152586,F00001KCX1
INF0GCD01743,TRUSTMF Flexi Cap Fund Direct Plan Growth,152584,F00001K96B
INF277KA1BA6,TATA Nifty Financial Services Index Fund Direct Plan Growth,152577,F00001KBJF
INF277KA1AO9,TATA Nifty Realty Index Fund Direct Plan Growth,152570,F00001K97M
INF277KA1BG3,TATA Nifty Midsmall Healthcare Index Fund Direct Plan Growth,152564,F00001K97Y
INF277KA1AU6,TATA Nifty Auto Index Fund Direct Plan Growth,152557,F00001K97S
INF174KA1RN9,Kotak Nifty AAA Bond Jun 2025 Htm Index Fund Direct Plan Growth,152549,F00001K08P
INF959L01HM5,Navi Niftyit Index Fund Direct Plan Growth,152535,F000010CJ2
INF179KC1IE0,HDFC Nifty Realty Index Fund Direct Plan,152521,F00001JWB4
INF846K019V1,Axis Crisil IBX SDL June 2034 Debt Index Fund Direct Plan Growth,152515,F00001JT1H
INF109KC12U0,ICICI Prudential Nifty Largemidcap 250 Index Fund Direct Plan Growth,152482,F00001JMS8
INF251K01TE1,Baroda BNP Paribas Innovation Fund Direct Plan Growth,152470,F00001JEYV
INF174KA1QZ5,Kotak Technology Fund Direct Plan Growth,152462,F00001JFAL
INF760K01KZ5,Canara Robeco Manufacturing Fund Direct Plan Growth,152450,F00001JHNW
INF754K01SK3,Edelweiss Technology Fund Direct Plan Growth,152437,F00001JFWF
INF666M01HY9,Groww Nifty Smallcap 250 Index Fund Direct Plan Growth,152431,F00001JDO7
INF179KC1IC4,HDFC Nifty200 Momentum 30 Index Fund Direct Plan,152430,F00001JDNJ
INF846K012V6,Axis BSE Sensex Index Fund Direct Plan Growth,152422,F00001JCWO
INF200KB1126,SBI Energy Opportunities Fund Direct Plan Growth,152417,F00001JAPW
INF966L01DT4,Quant PSU Fund Growth Direct Plan,152415,F00001JACO
INF582M01JQ0,Union Business Cycle Fund Direct Plan Growth,152409,F00001JEZF
INF0QA701763,Bajaj Finserv Large and Mid Cap Fund Direct Plan Growth,152408,F00001JB2L
INF204KC1CE2,Nippon India Nifty It Index Fund Direct Plan Growth,152392,F00001JA1I
INF204KC1BY2,Nippon India Nifty Bank Index Fund Direct Plan Growth,152389,F00001J5YF
INF663L01Y12,PGIM India Large and Midcap Fund Direct Plan Growth,152382,F00001J1QH
INF200KB1027,SBI Nifty50 Equal Weight Index Fund Direct Plan Growth,152370,F00001IXXG
INF109KC16T3,ICICI Prudential Nifty50 Value 20 Index Fund Direct Plan Growth,152365,F00001IXK7
INF0S5R01042,Old Bridge Focused Equity Fund Direct Growth,152358,F00001IXMY
INF247L01CE3,Motilal Oswal Large Cap Direct Plan Growth,152354,F00001IWIO
INF03VN01886,Whiteoak Capital Pharma and Heathcare Fund Direct Plan Growth,152349,F00001IXYE
INF966L01DN7,Quant Consumption Fund Growth Direct Plan,152336,F00001ISUS
INF251K01SY1,Baroda BNP Paribas Nifty 50 Index Fund Direct Plan Growth,152329,F00001IFOC
INF03VN01860,Whiteoak Capital Banking and Financial Services Fund Direct Growth,152321,F00001IVPS
INF740KA1UC1,DSP Multicap Fund Direct Growth,152310,F00001IPE2
INF209KB19Y7,Aditya Birla Sun Life Crisil IBX Gilt Apr 2033 Index Fund Direct Growth,152267,F00001EHL0
INF194KB1HG9,Bandhan Nifty Smallcap 250 Index Fund Direct Plan Growth,152264,F00001IDYG
INF966L01DF3,Quant Commodities Fund Growth Direct Plan,152255,F00001IBM6
INF666M01HS1,Groww Banking and Financial Services Fund Direct Plan Growth,152254,F00001IIJZ
INF740KA1TW1,DSP Nifty Smallcap250 Quality 50 Index Fund Direct Growth,152243,F00001I7Z6
INF247L01BY3,Motilal Oswal Small Cap Fund Direct Growth,152237,F00001I514
INF03VN01845,Whiteoak Capital Large and Mid Cap Fund Direct Plan Growth,152226,F00001I0OI
INF174KA1PZ7,Kotak Healthcare Fund Direct Plan Growth,152214,F00001HWW3
INF740KA1TQ3,DSP Banking and Financial Services Fund Direct Growth,152206,F00001HWL1
INF846K016S3,Axis India Manufacturing Fund Direct Plan Growth,152202,F00001I62R
INF966L01CZ3,Quant Momentum Fund Growth Direct Plan,152189,F00001HLKO
INF194KB1HA2,Bandhan Nifty Alpha 50 Index Fund Direct Plan Growth,152177,F00001HH8I
INF174KA1PP8,Kotak Consumption Fund Direct Plan Growth,152169,F00001HFI4
INF209KB15X7,Aditya Birla Sun Life Transportation and Logistics Fund Direct Growth,152158,F00001HAMW
INF0R8F01018,Zerodha Nifty Largemidcap 250 Index Fund Direct Plan Growth,152156,F00001HCJ1
INF0R8701046,Helios Flexi Cap Fund Direct Plan Growth,152135,F00001HD4W
INF251K01SR5,Baroda BNP Paribas Small Cap Fund Direct Plan Growth,152128,F00001H5HU
INF082J01432,Quantum Small Cap Fund Direct Plan Growth,152107,F00001H96J
INF174KA1PJ1,Kotak Nifty G-Sec July 2033 Index Fund Direct Plan Growth,152098,F00001GXRO
INF754K01SD8,Edelweiss Multi Cap Fund Direct Plan Growth,152094,F00001H0V7
INF666M01HM4,Groww Nifty Total Market Index Fund Direct Plan Growth,152092,F00001H0AJ
INF789F1AZA4,UTI Innovation Fund Direct Plan Growth,152087,F00001GUJ2
INF179KC1HO1,HDFC Pharma and Healthcare Fund Growth Direct Plan,152082,F00001GP8S
INF03VN01803,Whiteoak Capital Multi Cap Fund Direct Plan Growth,152071,F00001GOJA
INF966L01CT6,Quant Teck Fund Growth Direct Plan,152067,F00001GO4N
INF959L01HK9,Navi BSE Sensex Index Fund Direct Plan Growth,152062,F00001GNWI
INF179KC1HI3,HDFC Technology Fund Growth Direct Plan,152059,F00001GOA1
INF174V01BQ4,Mahindra Manulife Business Cycle Fund Direct Plan Growth,152045,F00001GMB6
INF194KB1GK3,Bandhan Nifty It Index Fund Direct Plan Growth,152041,F00001GMCA
INF174KA1OX5,Kotak BSE Housing Index Fund Direct Plan Growth,152039,F00001GLST
INF204KC1BO3,Nippon India Innovation Fund Direct Plan Growth,152033,F00001GLUS
INF336L01QZ9,HSBC Consumption Fund Direct Growth,152032,F00001GM5O
INF397L01LK4,LIC MF Healthcare Fund Direct Plan Growth,152024,F000011X3T
INF397L01KA7,LIC MF Focused Fund Direct Plan Growth,152010,F00000ZO9R
INF397L01JS1,LIC MF Small Cap Fund Direct Plan Growth,152004,F00000Z0RZ
INF397L01JK8,LIC MF Mid Cap Fund Direct Plan Growth,152002,F00000YDT1
INF397L01AW2,LIC MF Nifty Next 50 Index Fund Direct Plan Growth,151937,F00000PCSS
INF0J8L01156,NJ Flexi Cap Fund Direct Plan Growth,151917,F00001GKXX
INF966L01CJ7,Quant Manufacturing Fund Growth Direct Plan,151916,F00001GKBI
INF174KA1OR7,Kotak Nifty Financial Services Ex Bank Index Fund Direct Plan Growth,151911,F00001GJZ8
INF582M01JE6,Union Innovation and Opportunities Fund Direct Plan Growth,151905,F00001GKJJ
INF179KC1GU0,HDFC Transportation and Logistics Fund Growth Direct Plan,151901,F00001GJ73
INF0QA701342,Bajaj Finserv Flexi Cap Fund Direct Plan Growth,151895,F00001GJED
INF174KA1OL0,Kotak Quant Fund Direct Plan Growth,151881,F00001GI8E
INF966L01CD0,Quant Healthcare Fund Growth Direct Plan,151853,F00001GG0L
INF760K01KO9,Canara Robeco Multi Cap Fund Direct Plan Growth,151824,F00001GFIN
INF194KB1GB2,Bandhan Financial Services Fund Direct Plan Growth,151816,F00001GGUR
INF247L01BQ9,Motilal Oswal Nifty Microcap 250 Index Fund Direct Growth,151814,F00001GD0H
INF769K01KK8,Mirae Asset Multicap Fund Direct Plan Growth,151810,F00001GKXB
INF179KC1GO3,HDFC Non Cyclical Consumer Fund Growth Direct Plan,151804,F00001GF63
INF579M01AS1,360 One Flexicap Fund Direct Plan Growth,151796,F00001G6N5
INF966L01BX0,Quant Bfsi Fund Growth Direct Plan,151791,F00001G69V
INF846K017R3,Axis Nifty It Index Fund Direct Plan Growth,151785,F00001G3OA
INF174KA1OB1,Kotak Nifty 200 Momentum 30 Index Fund Direct Plan Growth,151781,F00001G332
INF00XX01CS8,ITI Focused Equity Fund Direct Plan Growth,151777,F00001G2UI
INF200KA16Y4,SBI BSE Sensex Index Fund Direct Plan Growth,151769,F00001FZ3M
INF789F1AYR1,UTI BSE Housing Index Fund Direct Plan Growth,151764,F00001FZEN
INF789F1AYP5,UTI Nifty50 Equal Weight Index Fund Direct Plan Growth,151762,F00001FZEF
INF966L01BR2,Quant Business Cycle Fund Growth Direct Plan,151757,F00001FWKG
INF0K1H01081,Samco Active Momentum Fund Direct Plan Growth,151753,F00001G6LU
INF789F1AYN0,UTI Nifty 500 Value 50 Index Fund Direct Plan Growth,151739,F00001FODB
INF179KC1GG9,HDFC S&P BSE 500 Index Fund Growth Direct Plan,151728,F00000PE1P
INF179KC1GE4,HDFC Nifty Smallcap 250 Index Fund Growth Direct Plan,151727,F00001FDFN
INF179KC1GC8,HDFC Nifty Midcap 150 Index Fund Growth Direct Plan,151724,F00001FAQD
INF769K01JY1,Mirae Asset Nifty SDL June 2028 Index Fund Direct Plan Growth,151692,F00001DO0I
INF769K01JZ8,Mirae Asset Nifty SDL June 2028 Index Fund Direct Plan Growth,151691,F00001DO0I
INF174KA1NB3,Kotak Nifty Smallcap 50 Index Fund Direct Plan Growth,151649,F00001F7XO
INF205KA1817,Invesco India Nifty G Sec Sep 2032 Index Fund Direct Growth,151597,F00001F7B9
INF205KA1775,Invesco India Nifty G Sec Jul 2027 Index Fund Direct Growth,151593,F00001F7B9
INF109KC12T2,ICICI Prudential Innovation Fund Direct Plan Growth,151580,F00001FA6M
INF209KB11U2,Aditya Birla Sun Life Crisil IBX Gilt Apr 2028 Index Fund Direct Growth,151577,F00001EHL0
INF251K01RR7,Baroda BNP Paribas Nifty SDL December 2028 Index Fund Direct Plan Growth,151574,F00001F7AK
INF179KC1GA2,HDFC Nifty SDL Plus G-Sec Jun 2027 40:60 Index Fund Growth Direct Plan,151570,F00001F7AY
INF209KB16T3,Aditya Birla Sun Life Nifty SDL Sep 2027 Index Fund Direct Growth,151562,F00001F6L0
INF179KC1FQ0,HDFC Nifty G-Sec Apr 2029 Index Fund Growth Direct Plan,151495,F00001EMH3
INF179KC1FS6,HDFC Nifty G-Sec Jun 2036 Index Fund Growth Direct Plan,151489,F00001F5RK
INF789F1AXR3,UTI Nifty SDL Plus AAA PSU Bond Apr 2028 75:25 Index Fund Direct Plan Growth,151487,F00001F5K0
INF336L01QT2,HSBC Crisil IBX Gilt June 2027 Index Fund Direct Growth,151479,F00001F5XQ
INF179KC1FC0,HDFC MNC Fund Growth Direct Plan,151458,F00001F4HM
INF179KC1FI7,HDFC Nifty SDL Oct 2026 Index Fund Growth Direct Plan,151456,F00001F4BM
INF761K01FR0,Bank of India Multi Cap Fund Direct Plan Growth,151443,F00001F1DO
INF204KC1AO5,Nippon India Nifty G-Sec Oct 2028 Maturity Index Fund Direct Plan Growth,151440,F00001F4X0
INF846K012O1,Axis Crisil IBX 50:50 Gilt Plus SDL September 2027 Index Fund Direct Plan Growth,151435,F00001DB7Z
INF174KA1MJ8,Kotak Nifty SDL Jul 2033 Index Fund Direct Plan Growth,151420,F00001F0RH
INF769K01JJ2,Mirae Asset Flexi Cap Fund Direct Plan Growth,151412,F00001F0KI
INF194KB1FF5,Bandhan Crisil IBX Gilt April 2032 Index Fund Direct Growth,151408,F00001F0EE
INF663L01X21,"PGIM India Crisil IBX Gilt Index Apr 2028 Fund Direct Plan, Growth",151407,F00001F0K0
INF204KC1AI7,Nippon India Nifty SDL Plus G Sec Jun 2029 Maturity 70:30 Index Fund Direct Plan Growth,151390,F000016F0F
INF174KA1MD1,Kotak Banking and Financial Services Fund Direct Plan Growth,151384,F00001F0LQ
INF00XX01CO7,ITI Flexi Cap Fund Direct Plan Growth,151379,F00001EZNR
INF740KA1SH4,DSP Nifty SDL Plus G-Sec Sep 2027 50:50 Index Fund Direct Growth,151373,F00001EZG5
INF846K016N4,Axis Business Cycles Fund Direct Plan Growth,151368,F00001EZSX
INF754K01RK5,Edelweiss Crisil IBX 50:50 Gilt Plus SDL Short Duration Index Fund Direct Plan Growth,151365,F00001EZEW
INF789F1AXL6,UTI Nifty SDL Plus AAA PSU Bond Apr 2026 75:25 Index Fund Direct Plan Growth,151364,F00001EZF4
INF740KA1SB7,DSP Crisil SDL Plus G-Sec Apr 2033 50:50 Index Fund Direct Growth,151329,F00001EXJ2
INF277KA1794,TATA Nifty G Sec Dec 2026 Index Fund Direct Plan Growth,151301,F00001EWT2
INF846K010N7,Axis Crisil IBX 50:50 Gilt Plus SDL June 2028 Index Fund Direct Plan Growth,151300,F00001DB7Z
INF336L01QN5,HSBC Multi Cap Fund Direct Growth,151290,F00001EX21
INF251K01RL0,Baroda BNP Paribas Nifty SDL December 2026 Index Fund Direct Plan Growth,151283,F00001EY73
INF277KA1737,TATA Nifty G-Sec Dec 2029 Index Fund Direct Plan Growth,151273,F00001EWHW
INF789F1AWZ8,UTI Crisil SDL Maturity June 2027 Index Fund Direct Plan Growth,151239,F00001EVHS
INF277KA1679,TATA Multicap Fund Direct Plan Growth,151232,F00001EXZT
INF174KA1LC5,Kotak Nifty SDL Jul 2026 Index Fund Direct Plan Growth,151218,F00001EUMZ
INF109KC13P8,ICICI Prudential Nifty SDL Sep 2026 Index Fund Direct Plan Growth,151211,F00001EV5R
INF789F1AWX3,UTI Crisil SDL Maturity April 2033 Index Fund Direct Plan Growth,151185,F00001EUDN
INF179KC1EL4,HDFC Nifty G-Sec Sep 2032 Index Fund Growth Direct Plan,151183,F00001ET98
INF179KC1EJ8,HDFC Nifty G-Sec Jun 2027 Index Fund Growth Direct Plan,151181,F00001F5RK
INF917K01D79,HSBC Nifty Next 50 Index Fund Direct Growth,151160,F000014ZBI
INF917K01D12,HSBC Nifty 50 Index Fund Direct Growth,151157,F000014ZC4
INF917K01RI2,HSBC Business Cycles Fund Direct Growth,151142,F00000LZGX
INF917K01QA1,HSBC Small Cap Fund Direct Growth,151130,F00000TGKU
INF917K01FW8,HSBC Infrastructure Fund Direct Growth,151040,F00000PD0E
INF917K01FZ1,HSBC Midcap Fund Direct Growth,151036,F00000PD0M
INF209KB10P4,Aditya Birla Sun Life Crisil IBX 60:40 SDL AAA PSU Apr 2026 Index Fund Direct Growth,150938,F00001EHL0
INF109KC11M9,ICICI Prudential Nifty Pharma Index Fund Direct Plan Growth,150930,F00001EQKY
INF204KC1AC0,Nippon India Nifty G-Sec Jun 2036 Maturity Index Fund Direct Plan Growth,150920,F00001EQT2
INF174V01BK7,Mahindra Manulife Small Cap Fund Direct Plan Growth,150915,F00001EQDW
INF204KC1881,Nippon India Nifty G-Sec Sep 2027 Maturity Index Fund Direct Plan Growth,150906,F00001EQF2
INF754K01QD2,Edelweiss Nifty Midcap150 Momentum 50 Index Fund Direct Plan Growth,150902,F00001EOH8
INF754K01QL5,Edelweiss Nifty Next 50 Index Fund Direct Plan Growth,150899,F00001EOGK
INF754K01QT8,Edelweiss Nifty Smallcap 250 Index Fund Direct Plan Growth,150892,F00001EOGW
INF194KB1EZ6,Bandhan Crisil IBX 90:10 SDL Plus Gilt Sep27 Index Fund Direct Growth,150888,F00001ENY9
INF194KB1EN2,Bandhan Crisil IBX 90:10 SDL Plus Gilt April 2032 Index Fund Direct Growth,150871,F00001ENY9
INF194KB1ET9,Bandhan Crisil IBX 90:10 SDL Plus Gilt Nov 2026 Index Fund Direct Growth,150868,F00001ENY9
INF582M01IO7,Union Multicap Fund Direct Plan Growth,150858,F00001EQW2
INF846K018K6,Axis Nifty SDL September 2026 Debt Index Fund Direct Plan Growth,150854,F00001EMZN
INF179KC1EH2,HDFC Nifty G-Sec July 2031 Index Fund Growth Direct Plan,150847,F00001EMH7
INF179KC1EE9,HDFC Nifty G-Sec Dec 2026 Index Fund Growth Direct Plan,150845,F00001EMH3
INF204KC1741,Nippon India Nifty SDL Plus G-Sec Jun 2028 Maturity 70:30 Index Fund Direct Plan Growth,150824,F000016F0F
INF760K01KI1,Canara Robeco Mid Cap Fund Direct Plan Growth,150817,F00001ENJT
INF192K01MV6,JM Midcap Fund Direct Growth,150815,F00001ELY1
INF754K01PV6,Edelweiss Crisil IBX 50:50 Gilt Plus SDL Sep 2028 Index Fund Direct Plan Growth,150807,F00000TUZA
INF179KC1DY9,HDFC Business Cycle Fund Growth Direct Plan,150805,F00001ELOC
INF03VN01696,Whiteoak Capital Large Cap Fund Direct Plan Growth,150797,F00001EMZD
INF769K01IX5,Mirae Asset Crisil IBX Gilt Index April 2033 Index Fund Direct Plan Growth,150792,F00001EJFH
INF769K01JD5,Mirae Asset Nifty AAA PSU Bond Plus SDL Apr 2026 50:50 Index Fund Direct Plan Growth,150788,F000015TRS
INF209KB12O3,Aditya Birla Sun Life Crisil IBX Gilt Apr 2029 Index Fund Direct Growth,150778,F00001EHL0
INF204KC1683,Nippon India Nifty AAA PSU Bond Plus SDL Sep 2026 Maturity 50:50 Index Fund Direct Plan Growth,150754,F000016F0F
INF194KB1EH4,Bandhan Crisil IBX Gilt April 2026 Index Fund Direct Plan Growth,150746,F00001EJZ3
INF277KA1612,TATA Nifty Midcap 150 Momentum 50 Index Fund Growth Direct Plan,150738,F00001EIR4
INF109KC18K8,ICICI Prudential Nifty G-Sec Dec 2030 Index Fund Direct Plan Growth,150733,F00001EI8E
INF109KC14L5,ICICI Prudential Nifty SDL Dec 2028 Index Fund Direct Plan Growth,150729,F00001EIJG
INF754K01PN3,Edelweiss Crisil IBX 50:50 Gilt Plus SDL June 2027 Index Fund Direct Plan Growth,150727,F00000TUZA
INF174KA1JT3,Kotak Nifty SDL Plus AAA PSU Bond Jul 2028 60:40 Index Fund Direct Plan Growth,150725,F00001DF76
INF194KB1EB7,Bandhan Transportation and Logistics Fund Growth Direct Plan,150716,F00001EHMO
INF200KA14R3,SBI Crisil IBX SDL Index September 2027 Fund Direct Plan Growth,150711,F00001EH4B
INF200KA18Q6,SBI Crisil IBX Gilt Index April 2029 Fund Direct Plan Growth,150706,F00001EH3V
INF209KB14N1,Aditya Birla Sun Life Crisil IBX 50:50 Gilt Plus SDL Apr 2028 Index Fund Direct Growth,150702,F00001EHL0
INF209KB10N9,Aditya Birla Sun Life Crisil IBX Gilt April 2026 Index Fund Direct Growth,150698,F00001EHL0
INF277KA1554,TATA Crisil Ibx Gilt Index April 2026 Index Fund Direct Plan Growth,150692,F00001EGSL
INF109KC12K1,ICICI Prudential Transportation and Logistics Fund Direct Plan Growth,150685,F00001EHCD
INF200KA12Q9,SBI Crisil IBX Gilt Index June 2036 Fund Direct Plan Growth,150681,F00001EGN6
INF200KA16P2,SBI Nifty Smallcap 250 Index Fund Direct Plan Growth,150677,F00001EGHQ
INF200KA10P5,SBI Nifty Midcap 150 Index Fund Direct Plan Growth,150673,F00001EGG1
INF754K01PF9,Edelweiss Crisil IBX 50:50 Gilt Plus SDL April 2037 Index Fund Direct Plan Growth,150671,F00000TUZA
INF209KB10M1,Aditya Birla Sun Life Nifty SDL Sep 2025 Index Fund Direct Growth,150663,F00001EGMY
INF767K01RK7,LIC MF Multi Cap Fund Direct Plan Growth,150659,F00001EJHG
INF109KC16J4,ICICI Prudential Nifty Auto Index Fund Direct Plan Growth,150643,F00001EFPQ
INF109KC10J7,ICICI Prudential Nifty50 Equal Weight Index Fund Direct Plan Growth,150639,F00001EEM4
INF194KB1DV7,Bandhan Nifty100 Low Volatility 30 Index Fund Growth Direct Plan,150636,F00001EEB0
INF174KA1JN6,Kotak Business Cycle Direct Plan Growth,150624,F00001EE3R
INF194KB1DP9,Bandhan Nifty200 Momentum 30 Index Fund Growth Direct Plan,150591,F00001EBHT
INF03VN01597,Whiteoak Capital Mid Cap Fund Direct Plan Growth,150584,F00001EBDT
INF903JA1LE2,Sundaram Flexicap Fund Direct Growth,150571,F00000PD4F
INF109KC12I5,ICICI Prudential PSU Equity Fund Direct Plan Growth,150539,F00001E9D5
INF277KA1497,TATA Housing Opportunities Fund Direct Plan Growth,150532,F00001E96O
INF247L01BI6,Motilal Oswal BSE Quality Index Fund Direct Plan,150521,F00001E8V0
INF247L01BF2,Motilal Oswal BSE Enhanced Value Index Fund Direct Plan,150518,F00001E8UX
INF959L01GD6,Navi Nifty India Manufacturing Index Fund Direct Plan Growth,150515,F00001E96K
INF204KC1584,Nippon India Nifty Alpha Low Volatility 30 Index Fund Direct Plan Growth,150487,F00001E8JA
INF109KC13E2,ICICI Prudential Nifty It Index Fund Direct Plan Growth,150468,F00001E73F
INF109KC11D8,ICICI Prudential Nifty 200 Momentum 30 Index Fund Direct Plan Growth,150452,F00001E6G1
INF247L01BC9,Motilal Oswal BSE Financials Ex Bank 30 Index Fund Regular Growth,150443,F00001E5V3
INF966L01AT0,Quant Large Cap Fund Growth Direct Plan,150440,F00001E67Q
INF740KA1RB9,DSP Nifty Midcap 150 Quality 50 Index Fund Direct Growth,150428,F00001E5LH
INF194KB1DJ2,Bandhan Midcap Fund Growth Direct Plan,150404,F00001E6GA
INF251K01QZ2,Baroda BNP Paribas Flexi Cap Fund Direct Plan Growth,150387,F00001E6FC
INF754K01OP1,Edelweiss Focused Fund Direct Plan Growth,150376,F00001E5AG
INF769K01IH8,Mirae Asset Nifty SDL Jun 2027 Index Fund Direct Plan Growth,150358,F00001DO0I
INF209KB13I3,Aditya Birla Sun Life Crisil IBX 60:40 SDL AAA PSU Apr 2025 Index Fund Direct Growth,150357,F00001EHL0
INF209KB19H2,Aditya Birla Sun Life Crisil IBX 60:40 SDL AAA PSU Apr 2027 Index Fund Direct Growth,150353,F00001EHL0
INF03VN01530,Whiteoak Capital Flexi Cap Fund Direct Plan Growth,150346,F00001DPN7
INF277KA1372,TATA Nifty SDL Plus AAA PSU Bond Dec 6040 Index Fund Direct Plan Growth,150326,F00001K97S
INF789F1AVH8,UTI Nifty Midcap 150 Quality 50 Index Fund Direct Plan Growth,150313,F00001DO4G
INF109KC10C2,ICICI Prudential Housing Opportunities Fund Direct Plan Growth,150310,F00001DO4X
INF251K01PT7,Baroda BNP Paribas India Consumption Fund Direct Plan Growth,150266,F000016S6E
INF251K01PN0,Baroda BNP Paribas Focused Fund Direct Plan Growth,150264,F000016S6E
INF251K01HQ0,Baroda BNP Paribas Mid Cap Fund Direct Plan Growth,150212,F00000PDRI
INF251K01HN7,Baroda BNP Paribas Large Cap Fund Direct Plan Growth,150187,F00000PDR8
INF204KC1527,Nippon India Nifty AAA CPSE Bond Plus SDL Apr 2027 Maturity 60:40 Index Fund Direct Plan Growth,150012,F000016F0F
INF109KC14B6,ICICI Prudential Nifty SDL Sep 2027 Index Fund Direct Plan Growth,149999,F00001DN6Y
INF740KA1QV9,DSP Nifty SDL Plus G-Sec Jun 2028 30:70 Index Fund Direct Growth,149970,F00001DLJQ
INF336L01QH7,HSBC Crisil IBX 50:50 Gilt Plus SDL Apr 2028 Index Fund Direct Growth,149966,F00001DM8L
INF754K01OG0,Edelweiss Crisil PSU Plus SDL 50:50 Oct 2025 Index Fund Direct Plan Growth,149950,F00001DKQL
INF846K019H0,Axis Nifty Midcap 50 Index Fund Direct Plan Growth,149936,F00001DLIY
INF247L01AY5,Motilal Oswal BSE Low Volatility Index Fund Direct Plan,149919,F00001DJ2F
INF846K013H3,Axis Nifty Smallcap 50 Index Fund Direct Plan Growth,149894,F00001DH99
INF959L01FX6,Navi Nifty Midcap 150 Index Fund Direct Plan Growth,149892,F00001DGZL
INF200KA18E2,SBI Multicap Fund Direct Plan Growth,149882,F00001DG1R
INF789F1AVF2,UTI BSE Low Volatility Index Fund Direct Plan Growth,149881,F00001DG2P
INF846K017G6,Axis Crisil IBX SDL May 2027 Index Fund Direct Plan Growth,149873,F00001DFJF
INF179KC1CA1,HDFC Nifty 100 Equal Weight Index Fund Direct Plan Growth,149870,F00001DFYE
INF179KC1BY3,HDFC Nifty 100 Index Fund Direct Plan Growth,149868,F00001DFX0
INF174KA1IR9,Kotak Nifty SDL Apr 2032 Top 12 Equal Weight Index Fund Direct Plan Growth,149865,F00001DF7I
INF109KC11A4,ICICI Prudential Nifty Bank Index Fund Direct Plan Growth,149858,F00001DFWJ
INF174KA1IL2,Kotak Nifty SDL Apr 2027 Top 12 Equal Weight Index Fund Direct Plan Growth,149855,F00001DF76
INF174KA1IF4,Kotak Manufacture In India Fund Direct Plan Growth,149841,F00001DEOV
INF209KB10G3,Aditya Birla Sun Life Nifty Next 50 Index Fund Direct Growth,149838,F00001DEI6
INF194KB1CR7,Bandhan Nifty 100 Index Fund Direct Plan Growth,149832,F00001DESU
INF959L01FT4,Navi Nifty Bank Index Fund Direct Plan Growth,149804,F00001DCEP
INF789F1AVD7,UTI BSE Sensex Index Fund Direct Plan Growth,149803,F00001DCU9
INF247L01AV1,Motilal Oswal Nifty 200 Momentum 30 Index Fund Direct Plan,149800,F00001DCD0
INF209KB11F3,Aditya Birla Sun Life Nifty SDL Apr 2027 Index Fund Direct Growth,149794,F00001DBS9
INF205KA1494,Invesco India Flexi Cap Fund Direct Plan Growth,149763,F00001DCBQ
INF846K015F2,Axis Crisil IBX 70:30 CPSE Plus SDL April 2025 Index Fund Direct Plan Growth,149753,F00001DB7Z
INF173K01FQ0,Sundaram Multi Cap Fund (Formerly Known as Principal Multi Cap Growth Fund) Direct Plan Growth,149669,F0GBR06S14
INF173K01EK6,Sundaram Focused Fund (Formerly Known as Principal Focused Multicap Fund) Direct Plan Growth,149533,F00000PD58
INF173K01EZ4,Sundaram Nifty 100 Equal Weight Fund (Formerly Known as Principal Nifty 100 Equal Weight Fund) Direct Plan Growth,149483,F00000PD4F
INF200KA13D5,SBI CPSE Bond Plus SDL Sep 2026 50:50 Index Fund Direct Plan Growth,149474,F00001DAY8
INF846K019E7,Axis Nifty Next 50 Index Fund Direct Plan Growth,149466,F00001DB2O
INF0K1H01024,Samco Flexi Cap Fund Direct Plan Growth,149450,F00001DBIT
INF959L01FR8,Navi Nifty Next 50 Index Fund Direct Plan Growth,149447,F00001DABP
INF109KC1W58,ICICI Prudential Nifty Midcap 150 Index Fund Direct Plan Growth,149389,F00001D39P
INF846K013E0,Axis Multicap Fund Direct Growth,149383,F00001D27Q
INF846K013D2,Axis Nifty 50 Index Fund Direct Plan Growth,149373,F00001D084
INF179KC1BS5,HDFC Multi Cap Fund Growth Direct Plan,149368,F00001D0R7
INF754K01NR9,Edelweiss Nifty Large Midcap 250 Index Fund Direct Plan Growth,149343,F00001CZ36
INF00XX01BU6,ITI Banking and Financial Services Fund Direct Plan Growth,149321,F00001CYXB
INF579M01AI2,360 One Quant Fund Direct Growth,149318,F00001CXYP
INF194KB1CL0,Bandhan Multi Cap Fund Growth Direct Plan,149303,F00001CW0F
INF209KB14D2,Aditya Birla Sun Life Business Cycle Fund Direct Growth,149295,F00001CW8V
INF179KC1BQ9,HDFC Nifty Next 50 Index Fund Direct Plan Growth,149288,F00001CTS5
INF109KC1V18,ICICI Prudential Nifty Smallcap 250 Index Fund Direct Plan Growth,149283,F00001CT2U
INF00XX01BO9,ITI Pharma and Healthcare Fund Direct Plan Growth,149268,F00001CTAI
INF754K01NJ6,Edelweiss Nifty 100 Quality 30 Index Fund Direct Plan Growth,149254,F00001CS0Q
INF754K01NB3,Edelweiss Nifty 50 Index Fund Direct Plan Growth,149250,F00001CS0I
INF754K01MT7,Edelweiss Nifty PSU Bond Plus SDL Apr 2027 50:50 Index Fund Direct Plan Growth,149247,F00001CQC8
INF109KC1S88,ICICI Prudential Nifty PSU Bond Plus SDL Sep 2027 40:60 Index Fund Direct Plan Growth,149210,F00001E6G1
INF209KB18B7,Aditya Birla Sun Life Nifty SDL Plus PSU Bond Sep 2026 60:40 Index Fund Direct Growth,149199,F00001DBS9
INF174KA1HV3,Kotak Multicap Fund Direct Plan Growth,149185,F00001CM6Z
INF955L01KK1,Baroda BNP Paribas Business Cycle Fund Direct Plan Growth,149141,F00001CHSN
INF179KC1BM8,HDFC Nifty50 Equal Weight Index Fund Direct Plan Growth,149107,F00001BNFO
INF174V01AS2,Mahindra Manulife Flexi Cap Fund Direct Plan Growth,149104,F00001B76U
INF204KC1121,Nippon India Flexi Cap Fund Direct Plan Growth,149094,F00001B76E
INF789F1AVA3,UTI Focused Fund Direct Plan Growth,149091,F00001BBI2
INF277KA1166,TATA Business Cycle Fund Direct Plan Growth,149071,F00001ADYT
INF959L01FP2,Navi Nifty 50 Index Fund Direct Plan Growth,149039,F000018UID
INF663L01W06,PGIM India Small Cap Fund Direct Plan Growth,149019,F000018AUN
INF846K01Z87,Axis Quant Fund Direct Plan Growth,148993,F0000176QL
INF109KC1R14,ICICI Prudential Flexicap Fund Direct Plan Growth,148990,F000016QVJ
INF179KC1BG0,HDFC Banking and Financial Services Fund Growth Direct Plan,148986,F0000176K8
INF761K01FL3,Bank of India Bluechip Fund Direct Plan Growth,148980,F0000175YK
INF174KA1HA7,Kotak Nifty 50 Index Fund Direct Plan Growth,148978,F0000174DG
INF209KB1Z71,Aditya Birla Sun Life Nifty 50 Equal Weight Index Fund Direct Growth,148962,F000017204
INF200KA1W00,SBI Nifty Next 50 Index Fund Direct Plan Growth,148945,F000016UI6
INF966L01AK9,Quant Quantamental Fund Growth Direct Plan,148925,F000016SZ7
INF209KB1Y49,Aditya Birla Sun Life Multi Cap Fund Direct Growth,148921,F00001EWZ7
INF760K01JQ6,Canara Robeco Focused Equity Fund Direct Plan Growth,148883,F000016R7B
INF209KB1W17,Aditya Birla Sun Life Nifty Smallcap 50 Index Fund Direct Growth,148815,F000016N66
INF209KB1W74,Aditya Birla Sun Life Nifty Midcap 150 Index Fund Direct Growth,148807,F000016N60
INF754K01MD1,Edelweiss Nifty PSU Bond Plus SDL Apr 2026 50:50 Index Fund Direct Plan Growth,148795,F000016M2W
INF194KB1BV1,Bandhan Crisil IBX Gilt April 2028 Index Fund Direct Plan Growth,148792,F00001EJZ3
INF194KB1BW9,Bandhan Crisil IBX Gilt April 2028 Index Fund Direct Plan Growth,148791,F00001EJZ3
INF194KB1BP3,Bandhan Crisil IBX Gilt June 2027 Index Fund Direct Plan Growth,148789,F000016M3E
INF205KA1338,Invesco India ESG Integration Strategy Fund Direct Plan Growth,148751,F000016JLG
INF174KA1GA9,Kotak Nifty Next 50 Index Fund Direct Plan Growth,148745,F000016HZT
INF00XX01929,ITI Mid Cap Fund Direct Plan Growth,148733,F000016H1O
INF204KB18Z7,Nippon India Nifty Midcap 150 Index Fund Direct Plan Growth,148726,F000016FJU
INF204KB12Z0,Nippon India Nifty 50 Value 20 Index Fund Direct Plan Growth,148721,F000016F0F
INF789F1AUT5,UTI Nifty 200 Momentum 30 Index Fund Direct Plan Growth,148703,F0GBR06RLA
INF109KC1P24,ICICI Prudential Business Cycle Fund Direct Plan Growth,148651,F0000169NG
INF209KB1U76,Aditya Birla Sun Life ESG Integration Strategy Fund Direct Plan Growth,148637,F00001630K
INF846K01X71,Axis Innovation Fund Direct Plan Growth,148634,F0000163SY
INF769K01GX9,Mirae Asset Banking and Financial Services Fund Direct Growth,148623,F0000162GJ
INF789F1AUQ1,UTI Small Cap Fund Direct Plan Growth,148618,F0000163GD
INF174KA1FI4,Kotak ESG Exclusionary Strategy Fund Direct Plan Growth,148606,F0000162QZ
INF109KC1O66,ICICI Prudential Quant Fund Direct Plan Growth,148600,F0000162RF
INF174V01AG7,Mahindra Manulife Focused Fund Direct Plan Growth,148567,F000015WR1
INF966L01AD4,Quant ESG Equity Fund Growth Direct Plan,148564,F000015UOU
INF754K01LV5,Edelweiss MSCI India Domestic and World Healthcare 45 Index Fund Direct Plan Growth,148555,F000015SUR
INF209KB1T79,Aditya Birla Sun Life Special Opportunities Fund Direct Growth,148539,F000015SGJ
INF204KB15W0,Nippon India Nifty Smallcap 250 Index Fund Direct Plan Growth,148519,F000016F0F
INF109KC1O09,ICICI Prudential ESG Exclusionary Strategy Fund Direct Plan Growth,148516,F000015Q0O
INF903JA1JC0,Sundaram Large Cap Fund (Formerly Known as Sundaram Blue Chip Fund) Direct Plan Growth,148507,F000000CDK
INF205KA1213,Invesco India Focused Fund Direct Plan Growth,148481,F000015NJS
INF955L01JU2,Baroda BNP Paribas Large and Mid Cap Fund Direct Plan Growth,148474,F000015LEP
INF336L01PB2,HSBC Focused Fund Direct Growth,148411,F000015C9Q
INF761K01FF5,Bank of India Flexi Cap Fund Direct Plan Growth,148404,F000015AQO
INF00XX01804,ITI Large Cap Fund Direct Plan Growth,148353,F00001646J
INF582M01GI3,Union Midcap Fund Direct Plan Growth,148073,F000014UGH
INF194KB1AL4,Bandhan Small Cap Fund Direct Plan Growth,147946,F000014RIS
INF846K01W23,Axis ESG Integration Strategy Fund Direct Plan Growth,147928,F000014PQT
INF00XX01747,ITI Small Cap Fund Direct Plan Growth,147919,F000014PYN
INF00XX01754,ITI Small Cap Fund Direct Plan Growth,147917,F000014PYN
INF277K013Y6,TATA Quant Fund Direct Plan Growth,147864,F000014MUV
INF209KB1O82,Aditya Birla Sun Life PSU Equity Fund Direct Plan Growth,147844,F000014J7Y
INF174V01945,Mahindra Manulife Large and Mid Cap Fund Direct Plan Growth,147840,F000014IH2
INF247L01AC1,Motilal Oswal Nifty Next 50 Index Fund Direct Plan Growth,147796,F000014IKD
INF247L01AE7,Motilal Oswal Nifty 50 Index Fund Direct Plan Growth,147794,F000014IKA
INF277K017X9,TATA Focused Equity Fund Direct Plan Growth,147757,F000014F7P
INF582M01GA0,Union Large and Midcap Fund Direct Plan Growth,147750,F000014EV3
INF174KA1EZ1,Kotak Pioneer Fund Direct Plan Growth,147727,F000014A3H
INF247L01999,Motilal Oswal Large and Midcap Fund Direct Plan Growth,147704,F0000148SM
INF846K01S29,Axis Nifty 100 Index Fund Direct Plan Growth,147666,F0000148AA
INF109KC1F91,ICICI Prudential Commodities Fund Direct Plan Growth,147662,F00001485M
INF247L01957,Motilal Oswal Nifty 500 Index Fund Direct Plan,147625,F0000142R8
INF247L01932,Motilal Oswal Nifty Smallcap 250 Index Fund Direct Plan,147623,F0000142RH
INF247L01916,Motilal Oswal Nifty Midcap 150 Index Fund Direct Plan,147622,F0000142RE
INF247L01890,Motilal Oswal Nifty Bank Index Fund Direct Plan,147620,F0000142RA
INF582M01FS4,Union Focused Fund Direct Plan Growth,147492,F000013USL
INF174KA1EN7,Kotak Focused Equity Fund Direct Plan Growth,147473,F000013T08
INF769K01FA9,Mirae Asset Midcap Fund Direct Growth,147445,F000013V3X
INF209KB1O25,Aditya Birla Sun Life Pharma and Healthcare Fund Direct Growth,147409,F000013RZ1
INF082J01382,Quantum ESG Best In Class Strategy Fund Direct Plan Growth,147372,F000013S8F
INF109KC1D93,ICICI Prudential MNC Fund Direct Plan Growth,147346,F000013O5K
INF740KA1NQ6,DSP Quant Fund Direct Plan Growth,147306,F000013MOA
INF769K01EU0,Mirae Asset Focused Fund Direct Plan Growth,147206,F000013J1R
INF00XX01168,ITI Multi Cap Fund Direct Plan Growth,147183,F000013JFZ
INF109KC1YD4,ICICI Prudential Bharat Consumption Fund Direct Plan Growth,146951,F00000PCR2
INF336L01NV5,HSBC Large and Mid Cap Fund Direct Growth,146772,F000013CLA
INF200KA1A71,SBI Equity Minimum Variance Fund Direct Plan Growth,146643,F000013BO0
INF174V01721,Mahindra Manulife Large Cap Fund Direct Plan Growth,146549,F00001399M
INF740KA1MG9,DSP Nifty Next 50 Index Fund Direct Plan Growth,146381,F00001258H
INF740KA1MM7,DSP Nifty 50 Index Fund Direct Plan Growth,146376,F000012587
INF754K01JN6,Edelweiss Small Cap Fund Direct Plan Growth,146196,F000011UJE
INF760K01JC6,Canara Robeco Small Cap Fund Direct Plan Growth,146130,F000011WJV
INF109KC1RH9,ICICI Prudential India Opportunities Fund Direct Plan Cumulative Option,145897,F000011RK4
INF761K01EP7,Bank of India Small Cap Fund Direct Plan Growth,145678,F000011K2D
INF740KA1LG1,DSP Healthcare Fund Direct Plan Growth,145454,F000011GVP
INF174V01663,Mahindra Manulife Consumption Fund Direct Plan Growth,145356,F000011DPA
INF205K013T3,Invesco India Smallcap Fund Direct Plan Growth,145137,F000011AMQ
INF846K01J46,Axis Growth Opportunities Fund Direct Plan Growth,145110,F0000119CE
INF109KC1LJ8,ICICI Prudential Manufacturing Fund Direct Plan Cumulative Option,145075,F00001183P
INF680P01109,Shriram Flexi Cap Fund Direct Growth,144905,F0000112I7
INF903JA1FA2,Sundaram Services Fund Direct Plan Growth,144835,F00000PD4F
INF277K015K0,TATA Flexi Cap Fund Direct Plan Growth,144546,F000010YCU
INF109KC1GH2,ICICI Prudential Pharma Healthcare and Diagnostics (P.H.D) Fund Direct Plan Cumulative Option,143874,F000010OQM
INF959L01DT9,Navi Flexi Cap Fund Direct Plan Growth,143793,F000010O72
INF769K01ED6,Mirae Asset Healthcare Fund Direct Growth,143783,F000010MNA
INF789FC12T1,UTI Nifty Next 50 Index Fund Direct Plan Growth,143341,F000010N6E
INF754K01ML4,Edelweiss Recently Listed Ipo Fund Direct Plan Growth,142388,F0000102T3
INF174V01507,Mahindra Manulife Mid Cap Fund Direct Plan Growth,142110,F00000ZWF3
INF846K01B28,Axis Flexi Cap Fund Direct Plan Growth,141925,F00000ZNQD
INF179KC1AU3,HDFC Housing Opportunities Fund Growth Direct Plan,141924,F00000ZQNK
INF740KA1CR7,DSP Nifty 50 Equal Weight Index Fund Direct Plan Growth,141877,F00000ZJG5
INF109KB10X0,ICICI Prudential BSE Sensex Index Fund Direct Plan Cumulative Option,141841,F00000ZHC4
INF582M01CU7,Union Largecap Fund Direct Plan Growth,141248,F00000YVFD
INF174V01341,Mahindra Manulife Multi Cap Fund Direct Plan Growth,141226,F00000YU5M
INF843K01KK1,Edelweiss Flexi Cap Fund Direct Plan Growth,140353,F00000VB1J
INF843K01AO4,Edelweiss Mid Cap Fund Direct Plan Growth,140228,F00000PCY4
INF843K01AL0,Edelweiss Large and Mid Cap Fund Direct Plan Growth,140175,F00000PCXZ
INF663L01GR4,PGIM India Large Cap Fund Direct Plan Growth,138312,F00000PDVW
INF277K015B9,TATA Resources and Energy Fund Direct Plan Growth,135813,F00000WPVX
INF277K019A3,TATA India Pharma and Healthcare Fund Direct Plan Growth,135810,F00000WPW7
INF277K013A6,TATA India Consumer Fund Direct Plan Growth,135805,F00000WPW3
INF277K01Z77,TATA Digital India Fund Direct Plan Growth,135800,F00000WPVR
INF277K01Z10,TATA Banking and Financial Services Fund Direct Plan Growth,135793,F00000WPVK
INF959L01CH6,Navi Large and Midcap Fund Direct Plan Growth,135677,F00000WMS8
INF767K01NK6,LIC MF Banking and Financial Services Fund Direct Plan Growth,134017,F00000VKJ8
INF200KA1507,SBI Banking and Financial Services Fund Direct Plan Growth,133859,F00000PDTX
INF663L01FF1,PGIM India Flexi Cap Fund Direct Plan Growth,133839,F00000VFLF
INF178L01AL9,Kotak Infrastructure and Economic Reform Fund Direct Plan Growth,133801,F000001A2P
INF767K01NE9,LIC MF Large and Mid Cap Fund Direct Plan Growth,133710,F00000PD1H
INF209KA1YK0,Aditya Birla Sun Life Manufacturing Equity Fund Direct Plan Growth,133516,F00000VAVA
INF579M01902,360 One Focused Equity Fund Direct Plan Growth,131580,F00000UNZR
INF179KA1RW5,HDFC Small Cap Fund Growth Direct Plan,130503,F000001A2Z
INF179KA1RQ7,HDFC Large and Mid Cap Fund Growth Direct Plan,130498,F000002LQ9
INF582M01BU9,Union Small Cap Fund Direct Plan Growth,129649,F00000TOTU
INF903J01F92,Sundaram Infrastructure Advantage Fund Direct Plan Growth,129212,F00000PDEI
INF247L01502,Motilal Oswal Flexi Cap Fund Direct Plan Growth,129046,F00000TE7D
INF247L01445,Motilal Oswal Midcap Fund Direct Plan Growth,127042,F00001CPBL
INF209K014W1,Aditya Birla Sun Life Banking and Financial Services Fund Direct Plan Growth,125597,F00000PDQZ
INF846K01K35,Axis Small Cap Fund Direct Plan Growth,125354,F00000SC5Y
INF663L01DV3,PGIM India Midcap Opportunities Fund Direct Plan Growth,125307,F00000SC5U
INF879O01027,Parag Parikh Flexi Cap Fund Direct Plan Growth,122639,F00001H1R5
INF247L01189,Motilal Oswal Focused 25 Fund (MOF25) Direct Plan Growth,122389,F00001CPBL
INF966L01911,Quant Flexi Cap Fund Growth Direct Plan,120843,F000002C90
INF966L01887,Quant Mid Cap Fund Growth Direct Plan,120841,F0GBR06SH4
INF966L01853,Quant Focused Fund Growth Direct Plan,120834,F00001CXYP
INF966L01721,Quant Infrastructure Fund Growth Direct Plan,120833,F000000JSS
INF966L01689,Quant Small Cap Fund Growth Direct Plan,120828,F0GBR06SGW
INF966L01648,Quant Large and Mid Cap Fund Growth Direct Plan,120826,F000000FWN
INF966L01614,Quant Active Fund Growth Direct Plan,120823,F0GBR06SGZ
INF789F01TO9,UTI Healthcare Fund Direct Plan Growth,120782,F0GBR06RK7
INF789F01VF3,UTI India Consumer Fund Direct Plan Growth,120780,F00000PDLJ
INF789F01SN3,UTI Banking and Financial Services Fund Direct Plan Growth,120733,F0GBR06RLH
INF789F01SH5,Uti Transpotation and Logistics Fund Growth Direct,120731,
INF789F01TU6,UTI Infrastructure Fund Growth Direct,120728,F0GBR06RLL
INF789F01UA6,UTI Mid Cap Fund Growth Direct,120726,F0GBR06RLO
INF109K018N2,ICICI Prudential Focused Equity Fund Direct Plan Growth,120722,F00000PEQF
INF789F01XA0,UTI Nifty 50 Index Fund Growth Direct,120716,F0GBR06RLA
INF109K01W25,ICICI Prudential Exports and Services Fund Direct Plan Growth,120688,F00000PCRT
INF109K01Y80,ICICI Prudential Nifty Next 50 Index Fund Direct Plan Growth,120684,F00000PCRK
INF789F01UD0,UTI MNC Fund Growth Direct,120682,F00000PDM5
INF789F01UG3,UTI Large and Mid Cap Fund Direct Plan Growth,120665,F0GBR06RKT
INF789F01TC4,UTI Flexi Cap Fund Growth Direct,120662,F00000PDL7
INF789F01US8,UTI Large Cap Fund Direct Plan Growth,120656,F00000PDLU
INF109K018M4,ICICI Prudential Infrastructure Fund Direct Plan Growth,120621,F00000PCQZ
INF109K012M7,ICICI Prudential Nifty 50 Index Fund Direct Plan Cumulative Option,120620,F00001E6G1
INF109K014O9,ICICI Prudential Multicap Fund Direct Plan Growth,120599,F00000PCS2
INF109K011O5,ICICI Prudential Large and Mid Cap Fund Direct Plan Growth,120596,F00000PCS0
INF109K01Z48,ICICI Prudential Technology Fund Direct Plan Growth,120594,F00000PCRY
INF109K01Z14,ICICI Prudential Fmcg Fund Direct Plan Growth,120587,F00000PE3T
INF109K016L0,ICICI Prudential Bluechip Fund Direct Plan Growth,120586,F00000PE3W
INF200K01RV6,SBI Technology Opportunities Fund Direct Plan Growth,120578,F00000PDD8
INF200K01RM5,SBI Consumption Opportunities Fund Direct Plan Growth,120575,F00000PDCG
INF209K01XX1,Aditya Birla Sun Life Flexi Cap Fund Growth Direct Plan,120564,F0GBR06S9H
INF209K01VF2,Aditya Birla Sun Life Digital India Fund Growth Direct Plan,120539,F0GBR06S9Z
INF846K01EH3,Axis Midcap Fund Direct Plan Growth,120505,F00000PDMZ
INF192K01CC7,JM Flexicap Fund Direct Growth,120492,F00000PCXQ
INF192K01BZ0,JM Large Cap Fund Direct Growth,120490,F00000PCWS
INF192K01BW7,JM Focused Fund Direct Growth,120488,F000001A1C
INF846K01CQ8,Axis Focused Fund Direct Plan Growth,120468,F00000PDM9
INF846K01DP8,Axis Bluechip Fund Direct Plan Growth,120465,F00000PDM3
INF205K01MS2,Invesco India Multicap Fund Direct Plan Growth,120413,F00000PD9U
INF205K01MD4,Invesco India Infrastructure Fund Direct Plan Growth,120405,F00000PD9O
INF205K01MV6,Invesco India Midcap Fund Direct Plan Growth,120403,F00001DOL0
INF205K01NG5,Invesco India PSU Equity Fund Direct Plan Growth,120395,F00000PDA8
INF205K01LB0,Invesco India Largecap Fund Direct Plan Growth,120392,F00000PD97
INF205K01KY4,Invesco India Financial Services Fund Direct Plan Growth,120385,F00000PD95
INF205K01MA0,Invesco India Large and Mid Cap Fund Direct Plan Growth,120357,F00000PD9A
INF767K01GW5,LIC MF Infrastructure Fund Direct Plan Growth,120351,F00000PD1S
INF205K01LE4,Invesco India Contra Fund Direct Plan Growth,120348,F00000PD99
INF767K01FJ4,LIC MF BSE Sensex Index Fund Direct Plan Growth,120308,F00000PD17
INF767K01FF2,LIC MF Nifty 50 Index Fund Direct Plan Growth,120307,F00000PD1M
INF767K01EJ7,LIC MF Large Cap Fund Direct Plan Growth,120267,F00000PD1H
INF767K01EG3,LIC MF Flexi Cap Fund Direct Plan Growth,120264,F00000PD1B
INF109K013J1,ICICI Prudential Banking and Financial Services Fund Direct Plan Growth,120244,F00000PE33
INF174K01LS2,Kotak Flexicap Fund Growth Direct,120166,F000003ZCE
INF174K01KT2,Kotak Small Cap Fund Growth Direct,120164,F00001EMB5
INF174K01LF9,Kotak Equity Opportunities Fund Growth Direct,120158,F0GBR06RXN
INF174K01KW6,Kotak Bluechip Fund Growth Direct,120152,F00001EMB5
INF336L01DH5,HSBC Flexi Cap Fund Direct Growth,120046,F0GBR06RQJ
INF336L01CM7,HSBC Large Cap Fund Direct Growth,120030,F00000PE24
INF200K01RA0,SBI Contra Fund Direct Plan Growth,119835,F00000PDCA
INF200K01TE8,SBI Nifty Index Fund Direct Plan Growth,119827,F00000PDD0
INF200K01UP2,SBI Healthcare Opportunities Fund Direct Plan Growth,119783,F00000PDDQ
INF174K01LT0,Kotak Emerging Equity Scheme Growth Direct,119775,F00001EMB5
INF174K01KZ9,Kotak India EQ Contra Fund Growth Direct,119769,F0GBR06RVV
INF200K01UY4,SBI PSU Fund Direct Plan Growth,119732,F00000PDBY
INF200K01RJ1,SBI Focused Equity Fund Direct Plan Growth,119727,F00000PDCC
INF200K01UJ5,SBI Large and Midcap Fund Direct Plan Growth,119721,F00000PDDO
INF200K01UG1,SBI Flexicap Fund Direct Plan Growth,119718,F00000PDDK
INF200K01TP4,SBI Magnum Midcap Fund Direct Plan Growth,119716,F00000PDD7
INF200K01SN1,SBI Magnum Global Fund Direct Plan Growth,119711,F00000PDCO
INF200K01SE0,SBI ESG Exclusionary Strategy Fund Direct Plan Growth,119709,F00000PDCE
INF200K01SB6,SBI Magnum Comma Fund Direct Plan Growth,119705,F00000PDC8
INF200K01RS2,SBI Infrastructure Fund Direct Plan Growth,119700,F00000PDC5
INF209K01VY3,Aditya Birla Sun Life Nifty 50 Index Fund Growth Direct Plan,119648,F0GBR06S8M
INF209K01VT3,Aditya Birla Sun Life MNC Fund Growth Direct Plan,119646,F0GBR06S94
INF209K01Q30,Aditya Birla Sun Life Midcap Fund Growth Direct Plan,119620,F00000H38E
INF200K01QX4,SBI Blue Chip Fund Direct Plan Growth,119598,F00000PDC9
INF903J01NB8,Sundaram Financial Services Opportunities Fund Direct Plan Growth,119597,F00000PDEO
INF903J01NH5,Sundaram Consumption Fund (Formerly Known as Sundaram Rural and Consumption Fund Direct Plan - Growth) ,119595,F00000PDFW
INF209K01WC7,Aditya Birla Sun Life India Gennext Fund Growth Direct Plan,119591,F0GBR06S89
INF903J01NK9,Sundaram Small Cap Fund Direct Plan Growth,119589,F00000PDGD
INF903J01MJ3,Sundaram Mid Cap Fund Direct Plan Growth,119581,F00000PD4F
INF903J01PR9,Sundaram Large and Midcap Fund Direct Plan Growth,119566,F000000CDK
INF209K01WE3,Aditya Birla Sun Life Focused Fund Growth Direct Plan,119564,F0GBR06SA5
INF209K01WN4,Aditya Birla Sun Life Small Cap Fund Growth Direct Plan,119556,F000000I3X
INF209K01YY7,Aditya Birla Sun Life Frontline Equity Fund Growth Direct Plan,119528,F0GBR06S9J
INF209K01WS3,Aditya Birla Sun Life International Equity Fund Growth Direct Plan,119517,F000001A37
INF209K01WH6,Aditya Birla Sun Life Infrastructure Fund Growth Direct Plan,119514,F00000PDPQ
INF209K01VH8,Aditya Birla Sun Life Equity Advantage Fund Growth Direct Plan,119436,F0GBR06S60
INF761K01702,Bank of India Manufacturing and Infrastructure Fund Direct Plan Growth,119364,F000010M6J
INF955L01AG0,Baroda BNP Paribas Multi Cap Fund Direct Plan Growth,119354,F00000PDNO
INF761K01652,Bank of India Large and Mid Cap Equity Fund Direct Plan Growth,119350,F00000PDS2
INF955L01971,Baroda BNP Paribas Banking and Financial Services Fund Direct Growth,119333,F00000PDNI
INF582M01633,Union Flexi Cap Fund Direct Plan Growth,119292,F00000PDKF
INF277K01PJ3,TATA Nifty 50 Index Fund Direct Plan,119288,F00001K97S
INF277K01PK1,TATA S&P BSE Sensex Index Fund Direct Plan,119287,F00000PDHZ
INF740K01PR3,DSP Top 100 Equity Fund Direct Plan Growth,119250,F00000PDVG
INF740K01PU7,DSP India T.i.g.e.r. Fund Direct Plan Growth,119247,F00000PDUH
INF277K01PQ8,TATA Infrastructure Fund Direct Plan Growth,119243,F00000PDHL
INF740K01PL6,DSP Equity Opportunities Fund Direct Plan Growth,119218,F00000PDUY
INF740K01QD1,DSP Small Cap Fund Direct Plan Growth,119212,F00000PDUM
INF277K01MK8,TATA Large and Mid Cap Fund Direct Plan Growth,119202,F00000PDH1
INF277K01PY2,TATA Mid Cap Growth Fund Direct Plan Growth,119178,F00000PDGT
INF277K01NG4,TATA Ethical Fund Direct Plan Growth,119172,F00000PDHC
INF277K01QZ7,TATA Large Cap Fund Direct Plan Growth,119160,F00000PDHV
INF666M01600,Groww Largecap Fund (formerly known as Indiabulls Blue Chip Fund) Direct Plan Growth,119133,F000011J3J
INF740K01OB0,DSP Focus Fund Direct Plan Growth,119096,F00000PDU6
INF740K01PI2,DSP Flexi Cap Fund Direct Plan Growth,119076,F00000PDU4
INF740K01PX1,DSP Midcap Fund Direct Plan Growth,119071,F00000PDV4
INF179K01WN9,HDFC Index Fund BSE Sensex Plan Direct Plan,119065,F00000PDZ8
INF179K01WM1,HDFC Index Fund Nifty 50 Plan Direct Plan,119063,F00000PDZ8
INF740K01QA7,DSP Natural Resources and New Energy Fund Direct Plan Growth,119028,F00000PDUW
INF179K01YV8,HDFC Top 100 Fund Growth Direct Plan,119018,F0GBR06ROU
INF179K01XQ0,HDFC Mid Cap Opportunities Fund Growth Direct Plan,118989,F00000PE16
INF179K01WQ2,HDFC Infrastructure Fund Growth Direct Plan,118979,F000001A0Z
INF179K01UT0,HDFC Flexi Cap Fund Growth Direct Plan,118955,F0GBR06RMJ
INF179K01VK7,HDFC Focused 30 Fund Growth Direct Plan,118950,F0GBR06RMH
INF044D01BU9,Taurus Flexi Cap Fund Direct Plan Growth,118883,F00000PDIT
INF044D01CQ5,Taurus Nifty 50 Index Fund Direct Plan Growth,118881,F00000IS81
INF044D01CD3,Taurus Infrastructure Fund Direct Plan Growth,118879,F000000FY2
INF044D01CJ0,Taurus Ethical Fund Direct Plan Growth,118876,F000002SER
INF044D01CA9,Taurus Mid Cap Fund Direct Plan Growth,118872,F00000PDI4
INF044D01BX3,Taurus Large Cap Fund Direct Plan Growth,118870,F00000PDI6
INF044D01CN2,Taurus Banking and Financial Services Fund Direct Plan Growth,118868,F00000PDI4
INF769K01BL5,Mirae Asset Great Consumer Fund Direct Plan Growth,118837,F00000W55M
INF769K01BI1,Mirae Asset Large and Midcap Fund Direct Plan Growth,118834,F00000PD2B
INF769K01AX2,Mirae Asset Large Cap Fund Direct Plan Growth,118825,F00000PD2H
INF204K01K80,Nippon India Index Fund BSE Sensex Direct Plan Growth,118791,F00000PD6L
INF204K01J34,Nippon India Quant Fund Direct Plan Growth,118769,F00000PD87
INF204K01I92,Nippon India Power and Infra Fund Direct Plan Growth,118763,F00000PD5O
INF204K01I50,Nippon India Pharma Fund Direct Plan Growth,118759,F00000PD81
INF204K01H36,Nippon India Index Fund Nifty 50 Direct Plan Growth,118741,F00000PD6L
INF204K01G52,Nippon India Consumption Fund Direct Plan Growth,118724,F00000PD7I
INF204K01F95,Nippon India Focused Equity Fund Direct Plan Growth,118692,F00000PD72
INF204K01F20,Nippon India Vision Fund Direct Plan Growth,118678,F00000PD8M
INF204K01E54,Nippon India Growth Fund Direct Plan Growth,118668,F00000PD6A
INF204K01XF9,Nippon India Multi Cap Fund Direct Plan Growth,118650,F00000PD5W
INF204K01XI3,Nippon India Large Cap Fund Direct Plan Growth,118632,F00000PD8N
INF754K01BW4,Edelweiss Large Cap Fund Direct Plan Growth,118617,F00000PDWM
INF204K01XO1,Nippon India Banking and Financial Services Fund Direct Plan Growth,118589,F00000PD5R
INF090I01GS4,Franklin India Index Fund NSE Nifty 50 Index Fund Direct Growth,118581,F00001E8PQ
INF090I01IW2,Franklin India Focused Equity Fund Direct Growth,118564,F00000PDXU
INF090I01IZ5,Franklin Asian Equity Fund Direct Growth,118559,F00000PDXM
INF090I01JF5,Franklin Build India Fund Direct Growth,118557,F00000PDXO
INF090I01GC8,Franklin India Opportunities Fund Direct Growth,118539,F00000PDY0
INF090I01FE6,Franklin India Technology Fund Direct Growth,118537,F00000PDYA
INF090I01FK3,Franklin India Flexi Cap Fund Direct Growth,118535,F00000PDY4
INF090I01FH9,Franklin India Prima Fund Direct Growth,118533,F00000PDY2
INF090I01FN7,Franklin India Bluechip Fund Direct Growth,118531,F00000PDXQ
INF090I01IQ4,Franklin India Smaller Companies Fund Direct Growth,118525,F00000PDY6
INF090I01IN1,Franklin India Equity Advantage Fund Direct Growth,118510,F00000PDXS
INF194K012A8,Bandhan Nifty 50 Index Fund Direct Plan Growth,118482,F00000PCTW
INF194K01Z44,Bandhan Large Cap Fund Direct Plan Growth,118479,F00000PCT9
INF194K01X46,Bandhan Infrastructure Fund Direct Plan Growth,118469,F00000PCTK
INF194K01W62,Bandhan Flexi Cap Fund Direct Plan Growth,118424,F0GBR06R9H
INF194K01W21,Bandhan Focused Equity Fund Direct Plan Growth,118421,F00000PCTH
INF194K01V89,Bandhan Core Equity Fund Direct Plan Growth,118419,F00000PCT6
INF760K01EI4,Canara Robeco Emerging Equities Direct Plan Growth,118278,F00001M4S1
INF760K01EF0,Canara Robeco Flexicap Fund Direct Plan Growth,118275,F00001M4S1
INF760K01DU1,Canara Robeco Consumer Trends Fund Direct Plan Growth,118273,F00000PDSO
INF760K01FR2,Canara Robeco Blue Chip Equity Fund Direct Plan Growth,118269,F00000PDT6
INF760K01FO9,Canara Robeco Infrastructure Fund Direct Plan Growth,118267,F00001M4S1
